"Status","Start Time","Stop Time","Duration in ms","Parent Suite","Suite","Sub Suite","Test Class","Test Method","Name","Description"
"passed","Sat May 07 14:20:37 CST 2022","Sat May 07 14:20:37 CST 2022","0","testcase.module1","test_case01","Test_01","","","test_case01[paramss_list0]",""
"passed","Sat May 07 14:20:37 CST 2022","Sat May 07 14:20:37 CST 2022","0","testcase.module2","test_case02","Test_02","","","test_case02_2[paramss_list1]",""
"passed","Sat May 07 14:20:37 CST 2022","Sat May 07 14:20:37 CST 2022","1","testcase.module2","test_case04","Test_04","","","test_case04_1[paramss_list0]",""
"passed","Sat May 07 14:20:37 CST 2022","Sat May 07 14:20:37 CST 2022","0","testcase.module1","test_case01","Test_01","","","test_case01_3[paramss_list0]",""
"passed","Sat May 07 14:20:37 CST 2022","Sat May 07 14:20:37 CST 2022","0","testcase.module2","test_case04","Test_04","","","test_case04_2[paramss_list0]",""
"passed","Sat May 07 14:20:37 CST 2022","Sat May 07 14:20:37 CST 2022","0","testcase.module1","test_case01","Test_01","","","test_case01_2[paramss_list0]",""
"passed","Sat May 07 14:20:37 CST 2022","Sat May 07 14:20:37 CST 2022","0","testcase.module2","test_case04","Test_04","","","test_case04[paramss_list0]",""
"passed","Sat May 07 14:20:37 CST 2022","Sat May 07 14:20:37 CST 2022","0","testcase.module2","test_case02","Test_0222","","","test_case0222[paramss_list0]",""
"passed","Sat May 07 14:20:37 CST 2022","Sat May 07 14:20:37 CST 2022","0","testcase.module1","test_case01","Test_01","","","test_case01_3[paramss_list1]",""
"passed","Sat May 07 14:20:37 CST 2022","Sat May 07 14:20:37 CST 2022","0","testcase.module2","test_case02","Test_02","","","test_case02_1[paramss_list1]",""
"passed","Sat May 07 14:20:37 CST 2022","Sat May 07 14:20:37 CST 2022","0","testcase.module2","test_case02","Test_02","","","test_case02_1[paramss_list0]",""
"passed","Sat May 07 14:20:37 CST 2022","Sat May 07 14:20:37 CST 2022","0","testcase.module2","test_case02","Test_0222","","","test_case0222[paramss_list1]",""
"passed","Sat May 07 14:20:37 CST 2022","Sat May 07 14:20:37 CST 2022","0","testcase.module2","test_case02","Test_02","","","test_case02_2[paramss_list0]",""
"passed","Sat May 07 14:20:37 CST 2022","Sat May 07 14:20:37 CST 2022","0","testcase.module2","test_case04","Test_04","","","test_case04_2[paramss_list1]",""
"passed","Sat May 07 14:20:37 CST 2022","Sat May 07 14:20:37 CST 2022","1","testcase.module2","test_case02","Test_02","","","test_case02[paramss_list1]",""
"passed","Sat May 07 14:20:37 CST 2022","Sat May 07 14:20:37 CST 2022","0","testcase.module1","test_case01","Test_01","","","test_case01_2[paramss_list1]",""
"passed","Sat May 07 14:20:37 CST 2022","Sat May 07 14:20:37 CST 2022","0","testcase.module2","test_case04","Test_04","","","test_case04_1[paramss_list1]",""
"passed","Sat May 07 14:20:37 CST 2022","Sat May 07 14:20:37 CST 2022","0","testcase.module1","test_case01","Test_01","","","test_case01[paramss_list1]",""
"passed","Sat May 07 14:20:37 CST 2022","Sat May 07 14:20:37 CST 2022","0","testcase.module2","test_case04","Test_04","","","test_case04[paramss_list1]",""
"passed","Sat May 07 14:20:37 CST 2022","Sat May 07 14:20:37 CST 2022","0","testcase.module2","test_case02","Test_02","","","test_case02[paramss_list0]",""
